user_id,age,gender,location,view_count,cart_item_count,favourite_brand,price_segment,is_value_for_money,last_purchased_category_id,days_since_last_purchase,total_purchases,total_items_purchased,user_conversion_rate,target_next_product_id
20,26,Nữ,Quảng Ninh,14,6,Apple,LOW,1,4,24,5,7,0.538,22
17,20,Nữ,Hải Phòng,10,8,Ugreen,HIGH,0,3,29,3,6,0.429,7
16,33,Nam,Hà Nội,10,8,Ugreen,LOW,0,2,42,3,5,0.385,7
27,26,Nam,Tây Ninh,8,8,Acer,MEDIUM,1,1,52,3,4,0.333,1
5,24,Nam,Hà Nội,14,7,Logitech,MEDIUM,1,2,23,4,5,0.417,24
13,34,Nam,Hà Nội,12,10,Anker,HIGH,1,3,51,3,6,0.375,3
38,23,Nam,Quảng Ninh,19,4,Ugreen,LOW,1,2,2,5,7,0.636,22
28,35,Nữ,Cần Thơ,10,8,LG,HIGH,0,3,48,5,8,0.5,24
